SAMP_NAME	CHR	POS	GENE	ALT_ID	AF	ALT_COUNT	DP
0PE00000601	NC_045512.2	2162	ORF1a	ORF1a_Fdel633/1bp	0.0384615384615385	1	26
0PE00000601	NC_045512.2	8877	ORF1a	ORF1a_G2871D	0.0384615384615385	2	52
0PE00000601	NC_045512.2	9393	ORF1a	ORF1a_I3043T	1	24	24
0PE00000601	NC_045512.2	10029	ORF1a	ORF1a_T3255I	1	2877	2877
0PE00000601	NC_045512.2	11940	ORF1a	ORF1a_Fdel3892/1bp	1	1	1
0PE00000601	NC_045512.2	14277	ORF1b	ORF1b_Fdel270/1bp	0.550550550550551	2200	3996
0PE00000601	NC_045512.2	14408	ORF1b	ORF1b_P314L	1	3143	3143
0PE00000601	NC_045512.2	14960	ORF1b	ORF1b_N498I	0.333333333333333	7	21
0PE00000601	NC_045512.2	16466	ORF1b	ORF1b_P1000L	1	3666	3666
0PE00000601	NC_045512.2	18297	ORF1b	ORF1b_W1610C	0.0288778877887789	35	1212
0PE00000601	NC_045512.2	19220	ORF1b	ORF1b_A1918V	1	1853	1853
0PE00000601	NC_045512.2	22995	S	S_T478K	1	3569	3569
0PE00000601	NC_045512.2	23015	S	S_G485C	1	3525	3525
0PE00000601	NC_045512.2	23403	S	S_D614G	0.999724745389485	3632	3633
0PE00000601	NC_045512.2	23604	S	S_P681R	1	607	607
0PE00000601	NC_045512.2	26611	M	M_T30I	1	1044	1044
0PE00000601	NC_045512.2	27638	ORF7a	ORF7a_V82A	1	3586	3586
0PE00000601	NC_045512.2	27752	ORF7a	ORF7a_T120I	0.999722299361289	3600	3601
0PE00000601	NC_045512.2	27874	ORF7b	ORF7b_T40I	0.999720357941834	3575	3576
0PE00000601	NC_045512.2	28109	ORF8	ORF8_Q72H	0.472530600626245	1660	3513
0PE00000601	NC_045512.2	28247	ORF8	ORF8_del118/119	0.786030753192598	3016	3837
0PE00000601	NC_045512.2	28253	ORF8	ORF8_F120L	1	57	57
0PE00000601	NC_045512.2	28270	non-genic	non-genic_FdelNA/1bp	0.0944921677614957	374	3958
0PE00000601	NC_045512.2	28461	N	N_D63G	1	3436	3436
0PE00000601	NC_045512.2	28579	N	N_K102N	0.143608789848344	464	3231
0PE00000601	NC_045512.2	28881	N	N_R203M	1	2844	2844
0PE00000601	NC_045512.2	28916	N	N_G215C	0.999721681046479	3592	3593
0PE00000601	NC_045512.2	29402	N	N_D377Y	1	3001	3001
AT	NC_045512.2	1059	ORF1a	ORF1a_T265I	0.16971916971917	278	1638
AT	NC_045512.2	1385	ORF1a	ORF1a_Fdel374/1bp	0.0735809390329362	105	1427
AT	NC_045512.2	1404	ORF1a	ORF1a_P380L	0.0723822909346451	103	1423
AT	NC_045512.2	1457	ORF1a	ORF1a_R398C	0.0721062618595825	114	1581
AT	NC_045512.2	1538	ORF1a	ORF1a_P425S	0.0729641693811075	112	1535
AT	NC_045512.2	1914	ORF1a	ORF1a_R550L	0.0461215932914046	66	1431
AT	NC_045512.2	2018	ORF1a	ORF1a_M585V	0.0549084858569052	99	1803
AT	NC_045512.2	2334	ORF1a	ORF1a_Fdel690/2bp	0.0917159763313609	93	1014
AT	NC_045512.2	3267	ORF1a	ORF1a_T1001I	0.541424418604651	745	1376
AT	NC_045512.2	3369	ORF1a	ORF1a_T1035I	0.0589970501474926	100	1695
AT	NC_045512.2	3743	ORF1a	ORF1a_H1160Y	0.133618640038041	281	2103
AT	NC_045512.2	3837	ORF1a	ORF1a_L1191S	0.0157835400225479	28	1774
AT	NC_045512.2	4288	ORF1a	ORF1a_E1341D	0.0662609871534821	98	1479
AT	NC_045512.2	4358	ORF1a	ORF1a_Q1365*	0.0340751043115438	49	1438
AT	NC_045512.2	4923	ORF1a	ORF1a_Fdel1553/2bp	0.0701230883998508	188	2681
AT	NC_045512.2	5300	ORF1a	ORF1a_A1679S	0.255863539445629	480	1876
AT	NC_045512.2	5300	ORF1a	ORF1a_A1679P	0.0458422174840085	86	1876
AT	NC_045512.2	5388	ORF1a	ORF1a_A1708D	0.688464118041583	2053	2982
AT	NC_045512.2	6197	ORF1a	ORF1a_S1978P	0.0301470588235294	41	1360
AT	NC_045512.2	6300	ORF1a	ORF1a_C2012Y	0.0738125802310655	115	1558
AT	NC_045512.2	6345	ORF1a	ORF1a_V2027A	0.0509666080843585	87	1707
AT	NC_045512.2	6517	ORF1a	ORF1a_L2084F	0.0630914826498423	60	951
AT	NC_045512.2	6954	ORF1a	ORF1a_I2230T	0.608949416342412	313	514
AT	NC_045512.2	7667	ORF1a	ORF1a_Fdel2468/1bp	0.0561167227833895	50	891
AT	NC_045512.2	7675	ORF1a	ORF1a_Fdel2470/1bp	0.0995423340961098	87	874
AT	NC_045512.2	8055	ORF1a	ORF1a_T2597K	0.0201342281879195	27	1341
AT	NC_045512.2	8219	ORF1a	ORF1a_V2652F	0.0946969696969697	125	1320
AT	NC_045512.2	8318	ORF1a	ORF1a_P2685T	0.51525144270404	625	1213
AT	NC_045512.2	9189	ORF1a	ORF1a_Fdel2975/1bp	0.136858475894246	176	1286
AT	NC_045512.2	9749	ORF1a	ORF1a_K3162E	0.447023208879919	443	991
AT	NC_045512.2	9837	ORF1a	ORF1a_L3191Q	0.0300925925925926	26	864
AT	NC_045512.2	9867	ORF1a	ORF1a_L3201P	0.372505543237251	336	902
AT	NC_045512.2	9891	ORF1a	ORF1a_A3209V	0.366729678638941	388	1058
AT	NC_045512.2	9941	ORF1a	ORF1a_Y3226H	0.0642458100558659	69	1074
AT	NC_045512.2	9973	ORF1a	ORF1a_K3236N	0.0516129032258065	56	1085
AT	NC_045512.2	10119	ORF1a	ORF1a_C3285F	0.0314658480429777	41	1303
AT	NC_045512.2	10319	ORF1a	ORF1a_L3352F	0.086269744835966	142	1646
AT	NC_045512.2	10446	ORF1a	ORF1a_R3394M	0.0744215134459037	119	1599
AT	NC_045512.2	11219	ORF1a	ORF1a_M3652V	0.0365797896662094	80	2187
AT	NC_045512.2	11287	ORF1a	ORF1a_del3674/3676	0.779293739967897	971	1246
AT	NC_045512.2	11760	ORF1a	ORF1a_Fdel3832/1bp	0.0794809407948094	98	1233
AT	NC_045512.2	11804	ORF1a	ORF1a_V3847I	0.531545741324921	674	1268
AT	NC_045512.2	12053	ORF1a	ORF1a_L3930F	0.14156378600823	172	1215
AT	NC_045512.2	12141	ORF1a	ORF1a_T3959I	0.0674536256323777	80	1186
AT	NC_045512.2	12164	ORF1a	ORF1a_A3967S	0.0314569536423841	38	1208
AT	NC_045512.2	12248	ORF1a	ORF1a_A3995S	0.0635166537567777	82	1291
AT	NC_045512.2	12425	ORF1a	ORF1a_D4054Y	0.0538152610441767	67	1245
AT	NC_045512.2	12525	ORF1a	ORF1a_T4087I	0.313216195569137	410	1309
AT	NC_045512.2	13049	ORF1a	ORF1a_A4262S	0.0382424735557364	47	1229
AT	NC_045512.2	13055	ORF1a	ORF1a_Fdel4264/1bp	0.0365659777424483	46	1258
AT	NC_045512.2	13119	ORF1a	ORF1a_A4285V	0.154700222057735	209	1351
AT	NC_045512.2	14120	ORF1b	ORF1b_P218L	0.611248966087676	1478	2418
AT	NC_045512.2	14276	ORF1b	ORF1b_R270K	0.0572139303482587	92	1608
AT	NC_045512.2	14396	ORF1b	ORF1b_T310I	0.440773949976404	934	2119
AT	NC_045512.2	14408	ORF1b	ORF1b_P314L	0.999511241446725	2045	2046
AT	NC_045512.2	14548	ORF1b	ORF1b_E361*	0.0143737166324435	14	974
AT	NC_045512.2	14553	ORF1b	ORF1b_L362F	0.018848167539267	18	955
AT	NC_045512.2	15307	ORF1b	ORF1b_D614H	0.07734375	99	1280
AT	NC_045512.2	15347	ORF1b	ORF1b_Fdel627/2bp	0.0832049306625578	108	1298
AT	NC_045512.2	15494	ORF1b	ORF1b_A676V	0.0739466895958727	86	1163
AT	NC_045512.2	15734	ORF1b	ORF1b_C756F	0.0586868099941894	101	1721
AT	NC_045512.2	15766	ORF1b	ORF1b_V767L	0.116539140670983	198	1699
AT	NC_045512.2	15857	ORF1b	ORF1b_T797I	0.0375854214123007	33	878
AT	NC_045512.2	15944	ORF1b	ORF1b_S826L	0.073972602739726	81	1095
AT	NC_045512.2	16028	ORF1b	ORF1b_A854V	0.0971283783783784	115	1184
AT	NC_045512.2	16104	ORF1b	ORF1b_Fdel879/2bp	0.103825136612022	114	1098
AT	NC_045512.2	16288	ORF1b	ORF1b_A941S	0.0828460038986355	85	1026
AT	NC_045512.2	16376	ORF1b	ORF1b_P970L	0.0778744846541457	170	2183
AT	NC_045512.2	16637	ORF1b	ORF1b_A1057V	0.0835532102022867	95	1137
AT	NC_045512.2	16658	ORF1b	ORF1b_T1064I	0.0810344827586207	94	1160
AT	NC_045512.2	16694	ORF1b	ORF1b_T1076I	0.0821089023336214	95	1157
AT	NC_045512.2	16699	ORF1b	ORF1b_R1078C	0.0618466898954704	71	1148
AT	NC_045512.2	16732	ORF1b	ORF1b_S1089P	0.0517711171662125	57	1101
AT	NC_045512.2	16963	ORF1b	ORF1b_Q1166*	0.0487319741422178	98	2011
AT	NC_045512.2	17083	ORF1b	ORF1b_P1206S	0.0319432120674357	36	1127
AT	NC_045512.2	17594	ORF1b	ORF1b_S1376I	0.0656871218668972	76	1157
AT	NC_045512.2	17964	ORF1b	ORF1b_M1499I	0.0696551724137931	101	1450
AT	NC_045512.2	18021	ORF1b	ORF1b_R1518S	0.0182063385030344	27	1483
AT	NC_045512.2	18233	ORF1b	ORF1b_Q1589R	0.0106644790812141	13	1219
AT	NC_045512.2	18255	ORF1b	ORF1b_M1596I	0.0665024630541872	81	1218
AT	NC_045512.2	18803	ORF1b	ORF1b_S1779I	0.0833744449925999	169	2027
AT	NC_045512.2	18844	ORF1b	ORF1b_V1793L	0.0849288168875798	173	2037
AT	NC_045512.2	19034	ORF1b	ORF1b_del1857	0.258543833580981	348	1346
AT	NC_045512.2	19390	ORF1b	ORF1b_P1975S	0.13025641025641	127	975
AT	NC_045512.2	19446	ORF1b	ORF1b_K1993N	0.0897155361050328	82	914
AT	NC_045512.2	19541	ORF1b	ORF1b_M2025T	0.0925553319919517	46	497
AT	NC_045512.2	19573	ORF1b	ORF1b_del2037	0.0298850574712644	26	870
AT	NC_045512.2	19632	ORF1b	ORF1b_Fdel2055/1bp	0.0968600319318787	182	1879
AT	NC_045512.2	20537	ORF1b	ORF1b_I2357T	0.0491883915395967	100	2033
AT	NC_045512.2	20578	ORF1b	ORF1b_V2371L	0.0847206807251202	229	2703
AT	NC_045512.2	21304	ORF1b	ORF1b_R2613C	0.0777777777777778	210	2700
AT	NC_045512.2	21450	ORF1b	ORF1b_E2661D	0.0173913043478261	12	690
AT	NC_045512.2	21519	ORF1b	ORF1b_R2684S	0.165951359084406	116	699
AT	NC_045512.2	21764	S	S_del69/70	0.744389027431421	1194	1604
AT	NC_045512.2	21844	S	S_Fdel94/4bp	0.0844421699078813	165	1954
AT	NC_045512.2	21990	S	S_del144	0.801822323462415	1056	1317
AT	NC_045512.2	22032	S	S_F157S	0.633750921149595	860	1357
AT	NC_045512.2	22292	S	S_Fdel244/2bp	0.032719836400818	48	1467
AT	NC_045512.2	22526	S	S_del323	0.139121854958066	282	2027
AT	NC_045512.2	22728	S	S_Fdel389/2bp	0.0992970123022847	113	1138
AT	NC_045512.2	22917	S	S_L452R	0.635427952329361	1173	1846
AT	NC_045512.2	23063	S	S_N501Y	0.358238495794161	724	2021
AT	NC_045512.2	23271	S	S_A570D	0.265761396702231	548	2062
AT	NC_045512.2	23403	S	S_D614G	1	1862	1862
AT	NC_045512.2	23409	S	S_N616S	0.0929741151611199	176	1893
AT	NC_045512.2	23604	S	S_P681H	0.483926521239954	843	1742
AT	NC_045512.2	23709	S	S_T716I	0.474509803921569	847	1785
AT	NC_045512.2	23855	S	S_R765C	0.0698924731182796	65	930
AT	NC_045512.2	24138	S	S_T859N	0.370776255707763	812	2190
AT	NC_045512.2	24410	S	S_D950H	0.269977168949772	473	1752
AT	NC_045512.2	24506	S	S_S982A	0.722976370035194	1438	1989
AT	NC_045512.2	24745	S	S_Fdel1061/1bp	0.0545124167171411	90	1651
AT	NC_045512.2	24834	S	S_R1091L	0.0606200832947709	131	2161
AT	NC_045512.2	24914	S	S_D1118H	0.567503924646782	723	1274
AT	NC_045512.2	25074	S	S_G1171D	0.0192131747483989	21	1093
AT	NC_045512.2	25142	S	S_N1194Y	0.13184584178499	260	1972
AT	NC_045512.2	25517	ORF3a	ORF3a_P42L	0.239130434782609	396	1656
AT	NC_045512.2	25563	ORF3a	ORF3a_Q57H	0.45366444579043	749	1651
AT	NC_045512.2	25619	ORF3a	ORF3a_Fins76/1bp	0.0133333333333333	15	1125
AT	NC_045512.2	25650	ORF3a	ORF3a_L86F	0.0434782608695652	36	828
AT	NC_045512.2	25703	ORF3a	ORF3a_P104L	0.528409090909091	372	704
AT	NC_045512.2	26060	ORF3a	ORF3a_T223I	0.137190082644628	166	1210
AT	NC_045512.2	26451	E	E_R69S	0.0854961832061069	168	1965
AT	NC_045512.2	26779	M	M_Fdel86/37bp	0.090455396132252	145	1603
AT	NC_045512.2	26799	M	M_Fdel93/1bp	0.132688927943761	151	1138
AT	NC_045512.2	26816	M	M_Fins98/2bp	0.0106477373558119	12	1127
AT	NC_045512.2	26908	M	M_L129P	0.0103842159916926	10	963
AT	NC_045512.2	27168	M	M_N216D	0.0115606936416185	14	1211
AT	NC_045512.2	27701	ORF7a	ORF7a_Fdel103/2bp	0.0392156862745098	92	2346
AT	NC_045512.2	27879	ORF7b	ORF7b_Fins42/10bp	0.0334763948497854	39	1165
AT	NC_045512.2	27925	ORF8	ORF8_T11I	0.247440273037543	290	1172
AT	NC_045512.2	27964	ORF8	ORF8_S24L	0.25699558173785	349	1358
AT	NC_045512.2	27972	ORF8	ORF8_Q27*	0.504950495049505	765	1515
AT	NC_045512.2	28044	ORF8	ORF8_A51S	0.19720989220038	311	1577
AT	NC_045512.2	28048	ORF8	ORF8_R52I	0.50347881087919	796	1581
AT	NC_045512.2	28089	ORF8	ORF8_del67/68	0.0748299319727891	121	1617
AT	NC_045512.2	28095	ORF8	ORF8_K68*	0.345525800130634	529	1531
AT	NC_045512.2	28108	ORF8	ORF8_Fdel72/1bp	0.027262180974478	47	1724
AT	NC_045512.2	28110	ORF8	ORF8_Y73R	0.0110593713620489	19	1718
AT	NC_045512.2	28111	ORF8	ORF8_Y73R	0.460654796094199	802	1741
AT	NC_045512.2	28270	non-genic	non-genic_FdelNA/2bp	0.554398148148148	958	1728
AT	NC_045512.2	28270	non-genic	non-genic_FinsNA/1bp	0.554398148148148	958	1728
AT	NC_045512.2	28270	non-genic	non-genic_FdelNA/2bp	0.0520833333333333	90	1728
AT	NC_045512.2	28280	N	N_D3L	0.262432594367885	438	1669
AT	NC_045512.2	28281	N	N_D3L	0.260119047619048	437	1680
AT	NC_045512.2	28282	N	N_D3L	0.264028352037803	447	1693
AT	NC_045512.2	28326	N	N_G18V	0.0664772727272727	117	1760
AT	NC_045512.2	28427	N	N_W52R	0.0355618776671408	50	1406
AT	NC_045512.2	28457	N	N_E62Q	0.085498742665549	102	1193
AT	NC_045512.2	28472	N	N_P67S	0.0801924619085806	100	1247
AT	NC_045512.2	28634	N	N_L121F	0.0868498527968597	177	2038
AT	NC_045512.2	28737	N	N_A155V	0.196761133603239	243	1235
AT	NC_045512.2	28869	N	N_P199L	0.182348043297252	219	1201
AT	NC_045512.2	28870	N	N_P199L	0.0107705053852527	13	1207
AT	NC_045512.2	28881	N	N_R203K	0.520035618878005	584	1123
AT	NC_045512.2	28882	N	N_R203K	0.51113089937667	574	1123
AT	NC_045512.2	28883	N	N_G204R	0.51009657594381	581	1139
AT	NC_045512.2	28887	N	N_T205I	0.24406779661017	288	1180
AT	NC_045512.2	28975	N	N_M234I	0.182525433871933	305	1671
AT	NC_045512.2	28977	N	N_S235F	0.617192331478046	998	1617
AT	NC_045512.2	29250	N	N_P326L	0.203829787234043	479	2350
AT	NC_045512.2	29336	N	N_K355*	0.0442906574394464	64	1445
AT	NC_045512.2	29439	N	N_Q389L	0.0518867924528302	44	848
AT	NC_045512.2	29527	N	N_Q418H	0.137971014492754	238	1725
AT	NC_045512.2	29643	ORF10	ORF10_Q29L	0.123634945397816	317	2564
BB10292021	NC_045512.2	327	ORF1a	ORF1a_L21S	0.575497702909648	1879	3265
BB10292021	NC_045512.2	560	ORF1a	ORF1a_R99C	0.119121374260772	423	3551
BB10292021	NC_045512.2	1407	ORF1a	ORF1a_E381G	0.0101351351351351	3	296
BB10292021	NC_045512.2	1813	ORF1a	ORF1a_Fdel516/1bp	0.0297634189773595	117	3931
BB10292021	NC_045512.2	3168	ORF1a	ORF1a_A968V	1	2403	2403
BB10292021	NC_045512.2	4181	ORF1a	ORF1a_A1306S	1	459	459
BB10292021	NC_045512.2	4622	ORF1a	ORF1a_V1453I	1	824	824
BB10292021	NC_045512.2	4912	ORF1a	ORF1a_E1549D	0.206484641638225	726	3516
BB10292021	NC_045512.2	5305	ORF1a	ORF1a_L1680F	0.116020601789103	428	3689
BB10292021	NC_045512.2	6389	ORF1a	ORF1a_E2042K	0.0138888888888889	2	144
BB10292021	NC_045512.2	6402	ORF1a	ORF1a_P2046L	1	148	148
BB10292021	NC_045512.2	9053	ORF1a	ORF1a_V2930L	1	1057	1057
BB10292021	NC_045512.2	10029	ORF1a	ORF1a_T3255I	1	1784	1784
BB10292021	NC_045512.2	13149	ORF1a	ORF1a_V4295A	0.0184049079754601	57	3097
BB10292021	NC_045512.2	13697	ORF1b	ORF1b_I77T	0.233911254775198	796	3403
BB10292021	NC_045512.2	14408	ORF1b	ORF1b_P314L	0.99965241571081	2876	2877
BB10292021	NC_045512.2	15364	ORF1b	ORF1b_H633D	0.0109289617486339	2	183
BB10292021	NC_045512.2	15451	ORF1b	ORF1b_G662S	1	183	183
BB10292021	NC_045512.2	16321	ORF1b	ORF1b_C952G	0.109187377827423	391	3581
BB10292021	NC_045512.2	16466	ORF1b	ORF1b_P1000L	0.999695771219957	3286	3287
BB10292021	NC_045512.2	17480	ORF1b	ORF1b_Fdel1338/2bp	0.195945945945946	783	3996
BB10292021	NC_045512.2	18511	ORF1b	ORF1b_P1682S	0.999262808698857	2711	2713
BB10292021	NC_045512.2	19220	ORF1b	ORF1b_A1918V	0.999537037037037	2159	2160
BB10292021	NC_045512.2	19739	ORF1b	ORF1b_V2091A	0.197413793103448	687	3480
BB10292021	NC_045512.2	20363	ORF1b	ORF1b_L2299S	0.0276338514680484	16	579
BB10292021	NC_045512.2	21897	S	S_S112L	1	5	5
BB10292021	NC_045512.2	21987	S	S_G142D	1	7	7
BB10292021	NC_045512.2	22028	S	S_del157/158	0.833333333333333	5	6
BB10292021	NC_045512.2	22917	S	S_L452R	1	928	928
BB10292021	NC_045512.2	22995	S	S_T478K	1	1395	1395
BB10292021	NC_045512.2	23403	S	S_D614G	0.999707345624817	3416	3417
BB10292021	NC_045512.2	23540	S	S_Y660H	0.1029263370333	306	2973
BB10292021	NC_045512.2	23604	S	S_P681R	1	2041	2041
BB10292021	NC_045512.2	23889	S	S_K776R	0.018018018018018	8	444
BB10292021	NC_045512.2	24410	S	S_D950N	1	1297	1297
BB10292021	NC_045512.2	25469	ORF3a	ORF3a_S26L	0.999712230215827	3474	3475
BB10292021	NC_045512.2	26107	ORF3a	ORF3a_E239Q	1	3630	3630
BB10292021	NC_045512.2	26767	M	M_I82T	1	2629	2629
BB10292021	NC_045512.2	27638	ORF7a	ORF7a_V82A	1	3438	3438
BB10292021	NC_045512.2	27752	ORF7a	ORF7a_T120I	1	3396	3396
BB10292021	NC_045512.2	27874	ORF7b	ORF7b_T40I	1	3561	3561
BB10292021	NC_045512.2	28004	ORF8	ORF8_C37W	0.0228080568720379	77	3376
BB10292021	NC_045512.2	28041	ORF8	ORF8_G50R	0.016255267910897	54	3322
BB10292021	NC_045512.2	28247	ORF8	ORF8_del118/119	0.751482479784367	2788	3710
BB10292021	NC_045512.2	28249	ORF8	ORF8_D119V	1	1	1
BB10292021	NC_045512.2	28253	ORF8	ORF8_F120L	0.893548387096774	277	310
BB10292021	NC_045512.2	28270	non-genic	non-genic_FdelNA/1bp	0.19204107830552	748	3895
BB10292021	NC_045512.2	28383	N	N_Fdel37/1bp	0.0277638819409705	111	3998
BB10292021	NC_045512.2	28461	N	N_D63G	0.999412455934195	3402	3404
BB10292021	NC_045512.2	28520	N	N_Fdel83/1bp	0.0242057488653555	96	3966
BB10292021	NC_045512.2	28557	N	N_R95H	1	3107	3107
BB10292021	NC_045512.2	28602	N	N_F110S	0.0126321974148061	43	3404
BB10292021	NC_045512.2	28603	N	N_F110S	0.0135493372606775	46	3395
BB10292021	NC_045512.2	28785	N	N_F171S	0.0195530726256983	70	3580
BB10292021	NC_045512.2	28881	N	N_R203M	0.998942917547569	2835	2838
BB10292021	NC_045512.2	28916	N	N_G215C	0.999440715883669	3574	3576
BB10292021	NC_045512.2	28981	N	N_Fdel236/1bp	0.045246568378241	178	3934
BB10292021	NC_045512.2	28987	N	N_del238	0.0210126582278481	83	3950
BB10292021	NC_045512.2	29051	N	N_Fins260/1bp	0.0435443037974684	172	3950
BB10292021	NC_045512.2	29066	N	N_Fdel265/2bp	0.0343014521782674	137	3994
BB10292021	NC_045512.2	29195	N	N_Fdel308/1bp	0.0116959064327485	46	3933
BB10292021	NC_045512.2	29402	N	N_D377Y	1	3111	3111
BB10292021	NC_045512.2	29473	N	N_L400F	0.0227414330218069	73	3210
GH11152021	NC_045512.2	1091	ORF1a	ORF1a_P276S	1	3431	3431
GH11152021	NC_045512.2	1842	ORF1a	ORF1a_Fdel526/1bp	0.792585170340681	3164	3992
GH11152021	NC_045512.2	1859	ORF1a	ORF1a_P532S	0.050767414403778	86	1694
GH11152021	NC_045512.2	3027	ORF1a	ORF1a_Y921F	1	3041	3041
GH11152021	NC_045512.2	3344	ORF1a	ORF1a_S1027G	1	3197	3197
GH11152021	NC_045512.2	3411	ORF1a	ORF1a_A1049V	0.998546511627907	2748	2752
GH11152021	NC_045512.2	4369	ORF1a	ORF1a_Fdel1368/1bp	0.696376811594203	961	1380
GH11152021	NC_045512.2	4652	ORF1a	ORF1a_A1463T	0.0158343483556638	13	821
GH11152021	NC_045512.2	5230	ORF1a	ORF1a_K1655N	0.431860036832413	1407	3258
GH11152021	NC_045512.2	5667	ORF1a	ORF1a_Fdel1801/1bp	0.229587919119529	897	3907
GH11152021	NC_045512.2	5777	ORF1a	ORF1a_H1838Y	0.784157832744405	2663	3396
GH11152021	NC_045512.2	5805	ORF1a	ORF1a_C1847F	0.182845552013909	631	3451
GH11152021	NC_045512.2	8165	ORF1a	ORF1a_I2634V	0.0165361183637946	38	2298
GH11152021	NC_045512.2	8625	ORF1a	ORF1a_F2787S	0.0117647058823529	1	85
GH11152021	NC_045512.2	8835	ORF1a	ORF1a_V2857A	0.0111111111111111	1	90
GH11152021	NC_045512.2	12057	ORF1a	ORF1a_C3931F	0.258829873281208	960	3709
GH11152021	NC_045512.2	12526	ORF1a	ORF1a_Fins4087/1bp	0.0454545454545455	2	44
GH11152021	NC_045512.2	14114	ORF1b	ORF1b_T216I	0.0444104134762634	58	1306
GH11152021	NC_045512.2	14408	ORF1b	ORF1b_P314L	1	3731	3731
GH11152021	NC_045512.2	14960	ORF1b	ORF1b_N498I	0.0175590097869891	61	3474
GH11152021	NC_045512.2	15268	ORF1b	ORF1b_E601K	0.239827373612824	778	3244
GH11152021	NC_045512.2	15672	ORF1b	ORF1b_E735D	0.121732241880116	461	3787
GH11152021	NC_045512.2	15824	ORF1b	ORF1b_S786F	0.128611111111111	463	3600
GH11152021	NC_045512.2	17267	ORF1b	ORF1b_Fdel1267/1bp	0.140993477170095	562	3986
GH11152021	NC_045512.2	19220	ORF1b	ORF1b_A1918V	1	1	1
GH11152021	NC_045512.2	19799	ORF1b	ORF1b_Fdel2111/2bp	0.270133729569094	909	3365
GH11152021	NC_045512.2	20022	ORF1b	ORF1b_Fdel2185/2bp	0.93028263795424	3456	3715
GH11152021	NC_045512.2	20304	ORF1b	ORF1b_E2279D	0.0215613382899628	58	2690
GH11152021	NC_045512.2	21440	ORF1b	ORF1b_S2658F	0.226362038664323	644	2845
GH11152021	NC_045512.2	22657	S	S_Fdel365/2bp	0.109942399198598	439	3993
GH11152021	NC_045512.2	22689	S	S_Fdel376/2bp	0.0227898822940145	91	3993
GH11152021	NC_045512.2	23298	S	S_Fdel579/4bp	0.147906743544748	590	3989
GH11152021	NC_045512.2	23403	S	S_D614G	1	3458	3458
GH11152021	NC_045512.2	23593	S	S_Q677H	1	3070	3070
GH11152021	NC_045512.2	23665	S	S_Fdel701/1bp	0.339759639459189	1357	3994
GH11152021	NC_045512.2	23756	S	S_T732S	1	3721	3721
GH11152021	NC_045512.2	24798	S	S_P1079L	0.266890859064506	873	3271
GH11152021	NC_045512.2	26078	ORF3a	ORF3a_del230	0.165696939033645	655	3953
GH11152021	NC_045512.2	27527	ORF7a	ORF7a_P45L	0.219852104664391	773	3516
GH11152021	NC_045512.2	27528	ORF7a	ORF7a_P45L	0.140848606577956	561	3983
GH11152021	NC_045512.2	27528	ORF7a	ORF7a_Fdel45/2bp	0.140848606577956	561	3983
GH11152021	NC_045512.2	27638	ORF7a	ORF7a_V82A	0.263776223776224	943	3575
GH11152021	NC_045512.2	27752	ORF7a	ORF7a_T120I	0.222534419780837	792	3559
GH11152021	NC_045512.2	28247	ORF8	ORF8_del118/119	0.26278118609407	1028	3912
GH11152021	NC_045512.2	28270	non-genic	non-genic_FdelNA/1bp	0.0167215606789967	66	3947
GH11152021	NC_045512.2	28842	N	N_S190N	0.0118518518518519	40	3375
GH11152021	NC_045512.2	28881	N	N_R203K	0.999109131403118	2243	2245
GH11152021	NC_045512.2	28882	N	N_R203K	0.999456816947311	1840	1841
GH11152021	NC_045512.2	28883	N	N_G204R	0.999554764024933	2245	2246
GH11152021	NC_045512.2	29402	N	N_D377Y	0.0230664857530529	85	3685
