Gene,Mutation,Lineage,Chr,Pos
gyrB,M291I,L1 (EAI),NC-000962.3,6112
gyrA,A384V,L1 (EAI),NC-000962.3,8452
rpoC,A172V,L1 (EAI),NC-000962.3,763884
NC-000962.3,763886C->A,L1 (EAI),NC-000962.3,763886
embR,C110Y,L1 (EAI),NC-000962.3,1417019
NC-000962.3,2017560A->T,L1 (EAI),NC-000962.3,2017560
eccC5,V1319F,L1 (EAI),NC-000962.3,2023211
embC,N394D,L1 (EAI),NC-000962.3,4241042
embA,P913S,L1 (EAI),NC-000962.3,4245969
Rv3083,D71H,L1 (EAI),NC-000962.3,3448714
NC-000962.3,53422G->A,L3 (CAS),NC-000962.3,53422
ponA1,A394S,L3 (CAS),NC-000962.3,54842
Rv0192,P259S,L3 (CAS),NC-000962.3,224338
NC-000962.3,762434T->G,L3 (CAS),NC-000962.3,762434
NC-000962.3,2726105G->A,L3 (CAS),NC-000962.3,2726105
NC-000962.3,3043700C->T,L3 (CAS),NC-000962.3,3043700
embC,R738Q,L3 (CAS),NC-000962.3,4242075